ID;year;constructorId;name;points;wins;target;avg_driver_points;avg_grid_position;avg_final_position;dnf_count;total_driver_points
0;1958;6;Ferrari;40.0;2;0;2.735294117647059;5.794117647058823;7.470588235294118;16;378.0
1;1958;32;Team Lotus;3.0;0;0;0.15789473684210525;15.105263157894736;12.052631578947368;10;18.0
2;1958;66;BRM;18.0;0;0;1.0434782608695652;7.086956521739131;12.043478260869565;17;162.0
3;1958;87;Cooper;31.0;2;0;0.9047619047619048;12.833333333333334;10.976190476190476;18;179.0
4;1958;95;Porsche;0.0;0;0;0.0;15.0;12.0;1;0.0
5;1958;105;Maserati;6.0;0;0;0.16981132075471697;11.358490566037736;13.49056603773585;37;24.0
6;1958;118;Vanwall;48.0;6;1;2.5185185185185186;4.7407407407407405;10.037037037037036;18;377.0
7;1958;125;Connaught;0.0;0;0;0.0;7.2;21.2;5;0.0
8;1958;127;OSCA;0.0;0;0;0.0;0.0;24.5;2;0.0
9;1959;6;Ferrari;32.0;2;0;2.310344827586207;6.827586206896552;7.344827586206897;15;246.0
10;1959;32;Team Lotus;5.0;0;0;0.2631578947368421;11.31578947368421;14.68421052631579;15;20.0
11;1959;66;BRM;18.0;1;0;1.0227272727272727;8.181818181818182;9.090909090909092;11;80.5
12;1959;95;Porsche;0.0;0;0;0.0;10.5;13.0;2;0.0
13;1959;101;JBW;0.0;0;0;0.0;14.0;22.0;1;0.0
14;1959;105;Maserati;0.0;0;0;0.0;11.11111111111111;15.555555555555555;5;0.0
15;1959;113;Kurtis Kraft;0.0;0;0;0.0;20.076923076923077;18.46153846153846;7;8.0
16;1959;117;Aston Martin;0.0;0;0;0.0;11.5;11.125;5;0.0
17;1959;118;Vanwall;0.0;0;0;0.0;17.0;24.0;1;14.0
18;1959;123;Fry;0.0;0;0;0.0;0.0;27.0;1;0.0
19;1959;124;Tec-Mec;0.0;0;0;0.0;17.0;13.0;1;0.0
20;1959;125;Connaught;0.0;0;0;0.0;13.0;18.0;1;0.0
21;1959;167;Cooper-Maserati;0.0;0;0;0.0;14.833333333333334;13.666666666666666;7;0.0
22;1959;168;Cooper-OSCA;0.0;0;0;0.0;14.0;11.0;1;0.0
23;1959;169;Cooper-Borgward;0.0;0;0;0.0;16.333333333333332;13.0;1;0.0
24;1959;170;Cooper-Climax;40.0;5;1;1.989795918367347;6.0;10.489795918367347;26;421.5
25;1960;6;Ferrari;26.0;1;0;1.72;7.6;7.36;14;117.0
26;1960;32;Team Lotus;34.0;2;0;1.5757575757575757;8.93939393939394;9.454545454545455;17;169.0
27;1960;66;BRM;8.0;0;0;0.34782608695652173;6.043478260869565;12.391304347826088;20;40.0
28;1960;95;Porsche;1.0;0;0;0.5;11.0;6.5;0;1.0
29;1960;101;JBW;0.0;0;0;0.0;8.333333333333334;14.333333333333334;2;0.0
30;1960;104;Behra-Porsche;0.0;0;0;0.0;15.0;11.0;0;0.0
31;1960;105;Maserati;0.0;0;0;0.0;17.428571428571427;17.142857142857142;4;0.0
32;1960;106;Scarab;0.0;0;0;0.0;10.555555555555555;18.666666666666668;8;2.0
33;1960;117;Aston Martin;0.0;0;0;0.0;11.333333333333334;17.0;2;0.0
34;1960;118;Vanwall;0.0;0;0;0.0;13.0;18.0;1;3.0
35;1960;167;Cooper-Maserati;3.0;0;0;0.14285714285714285;13.80952380952381;14.952380952380953;14;13.0
36;1960;170;Cooper-Climax;48.0;6;1;1.8545454545454545;9.454545454545455;9.381818181818181;29;438.0
37;1960;171;Cooper-Castellotti;3.0;0;0;0.5;12.666666666666666;13.5;3;3.0
38;1961;6;Ferrari;45.0;5;1;3.6666666666666665;4.555555555555555;7.703703703703703;9;400.0
39;1961;66;BRM;7.0;0;0;0.5625;7.625;13.375;10;15.0
40;1961;95;Porsche;22.0;0;0;0.8571428571428571;9.75;11.928571428571429;11;79.0
41;1961;97;Gilby;0.0;0;0;0.0;26.0;15.0;0;0.0
42;1961;99;Emeryson;0.0;0;0;0.0;0.0;27.0;5;6.0
43;1961;101;JBW;0.0;0;0;0.0;15.5;27.0;2;0.0
44;1961;103;MBM;0.0;0;0;0.0;0.0;30.0;1;0.0
45;1961;167;Cooper-Maserati;0.0;0;0;0.0;19.75;16.25;6;0.0
46;1961;170;Cooper-Climax;14.0;0;0;0.46153846153846156;11.23076923076923;15.576923076923077;33;78.0
47;1961;172;Lotus-Climax;35.0;3;0;0.6376811594202898;12.507246376811594;16.81159420289855;41;204.0
48;1961;173;Lotus-Maserati;0.0;0;0;0.0;30.0;15.0;1;0.0
49;1961;174;De Tomaso-Osca;0.0;0;0;0.0;29.0;26.0;2;0.0
50;1961;175;De Tomaso-Alfa Romeo;0.0;0;0;0.0;22.0;24.0;2;0.0
51;1962;6;Ferrari;18.0;0;0;1.4285714285714286;10.571428571428571;9.80952380952381;10;110.0
52;1962;26;Lola;19.0;0;0;1.0555555555555556;8.555555555555555;13.277777777777779;15;104.0
53;1962;32;Team Lotus;0.0;0;0;0.0;0.0;18.0;1;0.0
54;1962;34;Brabham;6.0;0;0;2.0;10.666666666666666;9.0;2;18.0
55;1962;66;BRM;42.0;4;1;2.3846153846153846;4.038461538461538;10.846153846153847;12;257.0
56;1962;86;De Tomaso;0.0;0;0;0.0;0.0;30.0;1;0.0
57;1962;87;Cooper;0.0;0;0;0.0;16.0;12.0;1;0.0
58;1962;89;LDS;0.0;0;0;0.0;14.0;13.0;1;0.0
59;1962;95;Porsche;18.0;1;0;0.6666666666666666;8.866666666666667;12.433333333333334;17;90.0
60;1962;97;Gilby;0.0;0;0;0.0;6.333333333333333;22.666666666666668;3;0.0
61;1962;99;Emeryson;0.0;0;0;0.0;12.0;17.6;4;0.0
62;1962;100;ENB;0.0;0;0;0.0;25.0;16.0;1;0.0
63;1962;170;Cooper-Climax;29.0;1;0;1.5517241379310345;10.172413793103448;9.793103448275861;13;200.0
64;1962;172;Lotus-Climax;36.0;3;0;0.6461538461538462;8.0;13.96923076923077;42;200.0
65;1962;174;De Tomaso-Osca;0.0;0;0;0.0;0.0;28.0;1;0.0
66;1962;175;De Tomaso-Alfa Romeo;0.0;0;0;0.0;0.0;23.0;1;0.0
67;1962;176;Lotus-BRM;1.0;0;0;0.07142857142857142;6.0;20.0;13;1.0
68;1962;177;Lotus-Borgward;0.0;0;0;0.0;0.0;31.0;1;0.0
69;1962;178;Cooper-Alfa Romeo;0.0;0;0;0.0;15.0;15.0;1;0.0
70;1963;6;Ferrari;26.0;1;0;1.35;4.7;11.85;15;161.0
71;1963;26;Lola;0.0;0;0;0.0;12.5;14.1875;10;0.0
72;1963;32;Team Lotus;0.0;0;0;0.0;0.0;23.0;1;0.0
73;1963;34;Brabham;28.0;0;0;1.65;6.15;9.35;13;156.0
74;1963;51;Alfa Romeo;0.0;0;0;0.0;16.0;15.0;1;0.0
75;1963;54;ATS;0.0;0;0;0.0;10.411764705882353;19.235294117647058;15;0.0
76;1963;66;BRM;36.0;2;0;2.4074074074074074;5.7407407407407405;8.777777777777779;16;334.0
77;1963;86;De Tomaso;0.0;0;0;0.0;0.0;23.666666666666668;3;0.0
78;1963;89;LDS;0.0;0;0;0.0;17.5;15.5;1;0.0
79;1963;92;Scirocco;0.0;0;0;0.0;8.428571428571429;20.142857142857142;14;0.0
80;1963;94;BRP;6.0;0;0;1.2;8.8;10.8;4;15.0
81;1963;95;Porsche;5.0;0;0;0.38461538461538464;12.538461538461538;15.076923076923077;6;17.0
82;1963;97;Gilby;0.0;0;0;0.0;6.333333333333333;21.333333333333332;3;0.0
83;1963;98;Stebro;0.0;0;0;0.0;10.5;15.5;1;0.0
84;1963;167;Cooper-Maserati;0.0;0;0;0.0;9.5;19.0;1;0.0
85;1963;170;Cooper-Climax;25.0;0;0;0.9411764705882353;8.911764705882353;10.529411764705882;19;207.0
86;1963;172;Lotus-Climax;54.0;7;1;2.0555555555555554;6.527777777777778;12.277777777777779;22;351.0
87;1963;173;Lotus-Maserati;0.0;0;0;0.0;0.0;33.0;1;0.0
88;1963;176;Lotus-BRM;4.0;0;0;0.11764705882352941;11.941176470588236;14.205882352941176;25;34.0
89;1963;177;Lotus-Borgward;0.0;0;0;0.0;0.0;26.0;1;0.0
90;1963;179;De Tomaso-Ferrari;0.0;0;0;0.0;0.0;28.0;1;0.0
91;1963;180;Lotus-Ford;0.0;0;0;0.0;15.0;14.0;0;0.0
92;1964;6;Ferrari;45.0;3;1;2.909090909090909;5.7727272727272725;7.545454545454546;11;253.0
93;1964;11;Honda;0.0;0;0;0.0;15.333333333333334;14.666666666666666;3;0.0
94;1964;66;BRM;42.0;2;0;1.8421052631578947;10.552631578947368;9.763157894736842;21;401.0
95;1964;92;Scirocco;0.0;0;0;0.0;6.666666666666667;19.666666666666668;3;0.0
96;1964;94;BRP;5.0;0;0;0.35714285714285715;12.428571428571429;12.5;9;16.0
97;1964;95;Porsche;0.0;0;0;0.0;17.0;17.0;1;0.0
98;1964;96;Derrington;0.0;0;0;0.0;19.0;16.0;1;0.0
99;1964;170;Cooper-Climax;16.0;0;0;0.6956521739130435;10.521739130434783;11.565217391304348;16;80.0
100;1964;172;Lotus-Climax;37.0;3;0;1.8846153846153846;6.615384615384615;8.307692307692308;17;310.0
101;1964;176;Lotus-BRM;3.0;0;0;0.12;12.28;14.24;20;23.0
102;1964;181;Brabham-BRM;7.0;0;0;0.4117647058823529;12.352941176470589;13.588235294117647;12;29.0
103;1964;182;Brabham-Ford;0.0;0;0;0.0;19.0;23.0;1;0.0
104;1964;183;Brabham-Climax;30.0;2;0;1.0909090909090908;7.212121212121212;10.121212121212121;19;186.0
105;1965;6;Ferrari;26.0;0;0;1.391304347826087;7.086956521739131;8.782608695652174;13;182.0
106;1965;11;Honda;11.0;1;0;0.9285714285714286;9.071428571428571;12.0;11;22.0
107;1965;51;Alfa Romeo;0.0;0;0;0.0;17.0;10.0;0;0.0
108;1965;66;BRM;45.0;3;0;2.892857142857143;8.035714285714286;8.035714285714286;12;444.0
109;1965;93;RE;0.0;0;0;0.0;0.0;29.0;1;0.0
110;1965;167;Cooper-Maserati;0.0;0;0;0.0;0.0;30.0;1;0.0
111;1965;170;Cooper-Climax;14.0;0;0;0.6086956521739131;10.26086956521739;12.434782608695652;17;90.0
112;1965;172;Lotus-Climax;54.0;6;1;2.2857142857142856;6.25;10.535714285714286;18;400.0
113;1965;176;Lotus-BRM;2.0;0;0;0.1;13.95;12.55;13;4.0
114;1965;180;Lotus-Ford;0.0;0;0;0.0;0.0;26.0;2;0.0
115;1965;181;Brabham-BRM;5.0;0;0;0.2777777777777778;13.333333333333334;11.166666666666666;8;19.0
116;1965;182;Brabham-Ford;0.0;0;0;0.0;17.5;11.5;0;0.0
117;1965;183;Brabham-Climax;27.0;0;0;1.0;9.461538461538462;10.538461538461538;23;122.0
118;1965;184;LDS-Climax;0.0;0;0;0.0;0.0;23.0;1;0.0
119;1965;185;LDS-Alfa Romeo;0.0;0;0;0.0;10.0;20.0;1;0.0
120;1965;186;Cooper-Ford;0.0;0;0;0.0;0.0;21.5;2;0.0
121;1966;6;Ferrari;31.0;2;0;2.625;4.6875;7.875;9;121.0
122;1966;11;Honda;3.0;0;0;0.6;9.8;9.0;4;9.0
123;1966;66;BRM;22.0;1;0;1.36;8.72;10.12;18;212.0
124;1966;91;Shannon;0.0;0;0;0.0;18.0;20.0;1;0.0
125;1966;167;Cooper-Maserati;30.0;1;0;1.225;9.15;9.2;28;227.0
126;1966;172;Lotus-Climax;8.0;0;0;1.0;9.0;7.75;5;18.0
127;1966;176;Lotus-BRM;13.0;1;0;0.65;10.6;11.2;17;52.0
128;1966;181;Brabham-BRM;1.0;0;0;0.16666666666666666;14.333333333333334;12.0;3;4.0
129;1966;183;Brabham-Climax;1.0;0;0;0.09090909090909091;12.363636363636363;11.909090909090908;8;1.0
130;1966;187;McLaren-Ford;2.0;0;0;0.6666666666666666;11.666666666666666;10.0;2;6.0
131;1966;188;McLaren-Serenissima;1.0;0;0;0.5;6.5;11.0;1;1.0
132;1966;189;Eagle-Climax;4.0;0;0;0.5;8.625;12.25;7;15.0
133;1966;190;Eagle-Weslake;0.0;0;0;0.0;17.0;16.666666666666668;3;7.0
134;1966;191;Brabham-Repco;42.0;4;1;3.9375;5.5;6.5;7;305.0
135;1966;192;Cooper-Ferrari;0.0;0;0;0.0;22.5;11.0;1;0.0
136;1967;6;Ferrari;20.0;0;0;1.4375;7.6875;6.875;8;153.0
137;1967;11;Honda;20.0;1;0;2.2222222222222223;7.222222222222222;7.0;6;83.0
138;1967;26;Lola;0.0;0;0;0.0;18.0;13.5;1;0.0
139;1967;66;BRM;17.0;0;0;0.6176470588235294;10.882352941176471;11.470588235294118;25;132.0
140;1967;82;Matra;0.0;0;0;0.0;12.5;17.5;4;0.0
141;1967;90;Protos;0.0;0;0;0.0;24.0;17.5;1;0.0
142;1967;167;Cooper-Maserati;28.0;1;0;0.7380952380952381;11.880952380952381;10.214285714285714;24;162.0
143;1967;170;Cooper-Climax;6.0;0;0;3.0;2.5;10.0;1;6.0
144;1967;172;Lotus-Climax;0.0;0;0;0.0;5.0;9.0;1;0.0
145;1967;176;Lotus-BRM;6.0;0;0;0.75;11.625;12.375;6;6.0
146;1967;180;Lotus-Ford;44.0;4;0;2.272727272727273;5.181818181818182;9.272727272727273;14;260.0
147;1967;182;Brabham-Ford;0.0;0;0;0.0;20.0;7.0;0;0.0
148;1967;183;Brabham-Climax;2.0;0;0;0.25;12.5;9.75;5;12.0
149;1967;184;LDS-Climax;0.0;0;0;0.0;14.0;9.0;1;0.0
150;1967;187;McLaren-Ford;0.0;0;0;0.0;16.0;7.0;0;0.0
151;1967;189;Eagle-Climax;0.0;0;0;0.0;7.25;15.75;4;13.0
152;1967;190;Eagle-Weslake;13.0;1;0;1.0;5.076923076923077;13.153846153846153;12;85.0
153;1967;191;Brabham-Repco;63.0;4;1;3.7037037037037037;7.222222222222222;5.814814814814815;9;560.0
154;1967;193;Cooper-ATS;0.0;0;0;0.0;20.0;15.0;1;0.0
155;1967;194;McLaren-BRM;3.0;0;0;0.5;8.333333333333334;11.5;4;18.0
156;1968;1;McLaren;0.0;0;0;0.0;10.5;10.5;2;42.0
157;1968;6;Ferrari;32.0;1;0;1.5416666666666667;5.208333333333333;10.625;15;228.0
158;1968;11;Honda;14.0;0;0;0.9333333333333333;8.266666666666667;10.466666666666667;12;65.0
159;1968;26;Lola;0.0;0;0;0.0;18.0;10.0;0;0.0
160;1968;66;BRM;28.0;0;0;0.875;12.21875;10.21875;22;161.0
161;1968;82;Matra;8.0;0;0;0.6666666666666666;14.083333333333334;10.583333333333334;7;86.0
162;1968;89;LDS;0.0;0;0;0.0;22.0;15.0;1;0.0
163;1968;167;Cooper-Maserati;0.0;0;0;0.0;18.666666666666668;13.666666666666666;2;0.0
164;1968;170;Cooper-Climax;0.0;0;0;0.0;20.0;16.0;1;0.0
165;1968;180;Lotus-Ford;62.0;5;1;2.0833333333333335;7.5;9.305555555555555;24;409.0
166;1968;183;Brabham-Climax;0.0;0;0;0.0;23.0;10.0;1;0.0
167;1968;187;McLaren-Ford;49.0;3;0;2.4347826086956523;6.695652173913044;7.782608695652174;12;274.0
168;1968;190;Eagle-Weslake;0.0;0;0;0.0;11.2;12.8;4;0.0
169;1968;191;Brabham-Repco;10.0;0;0;0.375;8.375;12.78125;27;84.0
170;1968;194;McLaren-BRM;3.0;0;0;0.375;14.75;13.375;5;5.0
171;1968;195;Cooper-BRM;14.0;0;0;0.9523809523809523;15.238095238095237;11.380952380952381;15;78.0
172;1968;196;Matra-Ford;45.0;3;0;2.8125;7.375;6.1875;8;221.0
173;1969;6;Ferrari;7.0;0;0;0.6363636363636364;7.636363636363637;8.909090909090908;7;20.0
174;1969;66;BRM;7.0;0;0;0.28;12.24;11.68;20;27.0
175;1969;167;Cooper-Maserati;0.0;0;0;0.0;16.0;7.0;0;0.0
176;1969;180;Lotus-Ford;47.0;2;0;1.2826086956521738;8.08695652173913;9.08695652173913;29;352.0
177;1969;182;Brabham-Ford;49.0;2;0;1.8888888888888888;8.75;8.36111111111111;20;289.0
178;1969;183;Brabham-Climax;0.0;0;0;0.0;19.0;17.0;1;0.0
179;1969;187;McLaren-Ford;38.0;1;0;1.6896551724137931;7.482758620689655;8.137931034482758;15;312.0
180;1969;191;Brabham-Repco;0.0;0;0;0.0;16.5;8.5;1;0.0
181;1969;196;Matra-Ford;66.0;6;1;3.5416666666666665;6.416666666666667;5.291666666666667;8;570.0
182;1969;197;BRM-Ford;0.0;0;0;0.0;16.0;8.0;1;0.0
183;1970;6;Ferrari;52.0;4;0;3.04;4.32;7.96;12;306.0
184;1970;25;Tyrrell;0.0;0;0;0.0;1.6666666666666667;15.0;3;75.0
185;1970;32;Team Lotus;59.0;6;1;1.4583333333333333;9.354166666666666;12.416666666666666;35;366.0
186;1970;34;Brabham;35.0;1;0;1.25;11.035714285714286;10.892857142857142;15;315.0
187;1970;37;March;48.0;1;0;0.873015873015873;9.619047619047619;11.682539682539682;45;328.0
188;1970;63;Surtees;3.0;0;0;0.375;12.125;13.0;8;14.0
189;1970;66;BRM;23.0;1;0;0.6756756756756757;10.945945945945946;13.513513513513514;28;148.0
190;1970;82;Matra;23.0;0;0;0.9230769230769231;10.307692307692308;9.307692307692308;14;196.0
191;1970;85;Bellasi;0.0;0;0;0.0;4.8;23.4;5;0.0
192;1970;86;De Tomaso;0.0;0;0;0.0;13.8;16.2;10;0.0
193;1970;187;McLaren-Ford;35.0;0;0;1.2;11.8;10.6;19;203.0
194;1970;198;McLaren-Alfa Romeo;0.0;0;0;0.0;6.545454545454546;18.454545454545453;9;0.0
195;1971;1;McLaren;10.0;0;0;0.48148148148148145;13.444444444444445;14.148148148148149;20;62.0
196;1971;6;Ferrari;33.0;2;0;1.5714285714285714;5.821428571428571;12.464285714285714;18;325.0
197;1971;25;Tyrrell;73.0;7;1;3.8260869565217392;5.608695652173913;7.913043478260869;8;514.0
198;1971;34;Brabham;5.0;0;0;0.28;13.88;15.2;17;29.0
199;1971;63;Surtees;8.0;0;0;0.3333333333333333;15.296296296296296;12.592592592592593;16;46.0
200;1971;66;BRM;36.0;2;0;1.105263157894737;10.789473684210526;11.421052631578947;15;131.0
201;1971;82;Matra;9.0;0;0;0.5882352941176471;7.647058823529412;10.529411764705882;9;78.0
202;1971;85;Bellasi;0.0;0;0;0.0;22.0;21.0;1;0.0
203;1971;180;Lotus-Ford;21.0;0;0;1.1904761904761905;11.761904761904763;11.619047619047619;13;121.0
204;1971;199;March-Alfa Romeo;0.0;0;0;0.0;19.8;15.2;6;9.0
205;1971;200;March-Ford;33.0;0;0;0.8604651162790697;15.837209302325581;13.767441860465116;29;167.0
206;1971;201;Lotus-Pratt &amp;0.0;0;0;0.0;19.666666666666668;14.333333333333334;3;20.0
207;1972;1;McLaren;47.0;1;0;2.64;6.48;6.68;7;374.0
208;1972;6;Ferrari;33.0;1;0;1.5666666666666667;6.4;10.5;19;320.0
209;1972;25;Tyrrell;51.0;4;0;2.4;7.4;10.04;14;324.0
210;1972;32;Team Lotus;61.0;5;1;2.1785714285714284;12.178571428571429;13.428571428571429;16;423.0
211;1972;34;Brabham;7.0;0;0;0.21875;14.75;13.9375;18;28.0
212;1972;37;March;15.0;0;0;0.234375;17.6875;14.234375;37;97.0
213;1972;63;Surtees;18.0;0;0;0.4864864864864865;14.405405405405405;15.702702702702704;26;102.0
214;1972;66;BRM;14.0;1;0;0.2978723404255319;15.72340425531915;16.48936170212766;30;107.0
215;1972;81;Tecno;0.0;0;0;0.0;20.285714285714285;23.714285714285715;7;0.0
216;1972;82;Matra;12.0;0;0;1.0;8.416666666666666;10.416666666666666;7;73.0
217;1972;83;Politoys;0.0;0;0;0.0;26.0;24.0;1;0.0
218;1972;84;Connew;0.0;0;0;0.0;25.0;21.0;1;0.0
219;1973;1;McLaren;58.0;3;0;1.9428571428571428;5.514285714285714;8.742857142857142;14;494.0
220;1973;6;Ferrari;12.0;0;0;0.7368421052631579;10.631578947368421;11.0;11;107.0
221;1973;25;Tyrrell;82.0;5;0;3.5757575757575757;6.636363636363637;7.787878787878788;11;1058.0
222;1973;32;Team Lotus;92.0;7;1;3.4516129032258065;4.0;8.64516129032258;14;841.0
223;1973;34;Brabham;22.0;0;0;0.5365853658536586;13.073170731707316;12.951219512195122;25;122.0
224;1973;37;March;14.0;0;0;0.3333333333333333;16.976190476190474;14.976190476190476;34;51.0
225;1973;57;Ensign;0.0;0;0;0.0;21.285714285714285;19.0;5;0.0
226;1973;58;Shadow;9.0;0;0;0.23684210526315788;18.973684210526315;15.473684210526315;24;64.0
227;1973;63;Surtees;7.0;0;0;0.2;12.914285714285715;14.82857142857143;21;31.0
228;1973;66;BRM;12.0;0;0;0.29545454545454547;11.272727272727273;13.454545454545455;31;86.0
229;1973;80;Iso Marlboro;2.0;0;0;0.07142857142857142;19.5;13.75;17;17.0
230;1973;81;Tecno;1.0;0;0;0.25;18.75;16.0;3;4.0
231;1974;1;McLaren;73.0;4;1;1.891304347826087;10.0;9.326086956521738;25;722.0
232;1974;6;Ferrari;65.0;3;0;3.0;4.133333333333334;8.966666666666667;13;828.0
233;1974;25;Tyrrell;52.0;2;0;1.903225806451613;9.419354838709678;9.451612903225806;11;463.0
234;1974;26;Lola;1.0;0;0;0.034482758620689655;17.724137931034484;14.068965517241379;16;9.0
235;1974;32;Team Lotus;42.0;3;0;1.4242424242424243;11.242424242424242;12.878787878787879;19;321.0
236;1974;34;Brabham;35.0;3;0;0.8363636363636363;10.690909090909091;15.181818181818182;35;245.0
237;1974;37;March;6.0;0;0;0.1875;14.6875;17.15625;25;61.0
238;1974;57;Ensign;0.0;0;0;0.0;11.454545454545455;21.0;10;0.0
239;1974;58;Shadow;7.0;0;0;0.25;13.035714285714286;15.607142857142858;19;63.0
240;1974;63;Surtees;3.0;0;0;0.08333333333333333;11.972222222222221;21.666666666666668;30;18.0
241;1974;64;Hesketh;15.0;0;0;1.0714285714285714;7.357142857142857;15.857142857142858;9;62.0
242;1974;66;BRM;10.0;0;0;0.25;18.125;16.975;27;130.0
243;1974;67;Penske;0.0;0;0;0.0;19.0;16.0;1;0.0
244;1974;73;Parnelli;0.0;0;0;0.0;9.5;16.5;2;0.0
245;1974;74;Maki;0.0;0;0;0.0;0.0;32.0;2;0.0
246;1974;76;Lyncar;0.0;0;0;0.0;0.0;31.0;1;0.0
247;1974;77;Trojan;0.0;0;0;0.0;17.0;19.375;6;0.0
248;1974;78;Amon;0.0;0;0;0.0;8.6;28.0;5;0.0
249;1974;79;Token;0.0;0;0;0.0;16.0;18.25;4;0.0
250;1974;80;Iso Marlboro;4.0;0;0;0.14814814814814814;12.37037037037037;19.296296296296298;24;21.0
251;1975;1;McLaren;53.0;3;0;2.2413793103448274;9.620689655172415;10.172413793103448;13;501.0
252;1975;3;Williams;6.0;0;0;0.2222222222222222;17.666666666666668;18.11111111111111;21;24.5
253;1975;6;Ferrari;72.5;6;1;3.1964285714285716;4.392857142857143;7.071428571428571;7;614.5
254;1975;25;Tyrrell;25.0;1;0;1.032258064516129;9.129032258064516;10.483870967741936;19;312.0
255;1975;26;Lola;0.0;0;0;0.0;16.285714285714285;14.571428571428571;6;0.0
256;1975;32;Team Lotus;9.0;0;0;0.2903225806451613;16.35483870967742;14.064516129032258;19;53.0
257;1975;34;Brabham;54.0;2;0;2.1785714285714284;6.678571428571429;9.892857142857142;17;534.0
258;1975;37;March;7.5;1;0;0.2727272727272727;13.575757575757576;16.727272727272727;26;46.5
259;1975;56;Fittipaldi;0.0;0;0;0.0;18.285714285714285;18.428571428571427;9;0.0
260;1975;57;Ensign;1.0;0;0;0.09090909090909091;16.181818181818183;16.181818181818183;8;1.0
261;1975;63;Surtees;0.0;0;0;0.0;13.75;14.916666666666666;8;0.0
262;1975;64;Hesketh;33.0;1;0;1.2692307692307692;12.5;11.73076923076923;16;227.0
263;1975;66;BRM;0.0;0;0;0.0;20.272727272727273;18.636363636363637;7;0.0
264;1975;67;Penske;2.0;0;0;0.2;16.7;12.2;7;6.0
265;1975;73;Parnelli;5.0;0;0;0.4166666666666667;12.083333333333334;14.416666666666666;8;33.0
266;1975;74;Maki;0.0;0;0;0.0;0.0;27.2;5;0.0
267;1975;75;Embassy Hill;3.0;0;0;0.15789473684210525;16.210526315789473;13.947368421052632;13;10.0
268;1975;76;Lyncar;0.0;0;0;0.0;26.0;17.0;1;0.0
269;1975;202;Shadow-Ford;9.5;0;0;0.36538461538461536;8.538461538461538;14.0;21;49.5
270;1975;203;Shadow-Matra;0.0;0;0;0.0;13.5;19.5;2;3.0
271;1976;1;McLaren;74.0;6;0;2.75;8.21875;8.6875;16;661.0
272;1976;3;Williams;0.0;0;0;0.0;8.5;18.0;2;0.0
273;1976;6;Ferrari;83.0;6;1;3.3;4.733333333333333;7.966666666666667;9;912.0
274;1976;25;Tyrrell;71.0;1;0;2.1463414634146343;7.975609756097561;11.21951219512195;19;745.0
275;1976;27;Ligier;20.0;0;0;1.25;8.125;12.0625;10;172.0
276;1976;32;Team Lotus;29.0;1;0;1.032258064516129;11.387096774193548;14.709677419354838;22;174.0
277;1976;37;March;19.0;1;0;0.34545454545454546;10.727272727272727;16.054545454545455;43;132.0
278;1976;56;Fittipaldi;3.0;0;0;0.15;14.0;17.6;15;33.0
279;1976;57;Ensign;2.0;0;0;0.14285714285714285;13.714285714285714;14.857142857142858;10;12.0
280;1976;58;Shadow;10.0;0;0;0.30303030303030304;13.151515151515152;11.696969696969697;20;103.0
281;1976;59;Wolf;0.0;0;0;0.0;15.76;18.2;19;2.0
282;1976;63;Surtees;7.0;0;0;0.18421052631578946;17.789473684210527;15.289473684210526;28;43.0
283;1976;64;Hesketh;0.0;0;0;0.0;17.217391304347824;18.869565217391305;17;1.0
284;1976;66;BRM;0.0;0;0;0.0;21.0;22.0;1;0.0
285;1976;67;Penske;20.0;1;0;1.1764705882352942;11.823529411764707;11.176470588235293;11;154.0
286;1976;70;Boro;0.0;0;0;0.0;16.333333333333332;18.166666666666668;5;0.0
287;1976;72;Kojima;0.0;0;0;0.0;10.0;11.0;0;0.0
288;1976;73;Parnelli;1.0;0;0;0.5;14.0;10.5;2;2.0
289;1976;74;Maki;0.0;0;0;0.0;0.0;26.0;1;0.0
290;1976;182;Brabham-Ford;0.0;0;0;0.0;10.692307692307692;22.846153846153847;11;0.0
291;1976;204;Brabham-Alfa Romeo;9.0;0;0;0.3333333333333333;12.0;15.242424242424242;24;90.0
292;1977;1;McLaren;60.0;3;0;1.25;8.51923076923077;13.153846153846153;33;500.0
293;1977;4;Renault;0.0;0;0;0.0;13.0;20.4;5;0.0
294;1977;6;Ferrari;95.0;4;1;3.3529411764705883;7.0;7.5588235294117645;11;960.0
295;1977;25;Tyrrell;27.0;0;0;0.7714285714285715;10.485714285714286;13.114285714285714;23;208.0
296;1977;27;Ligier;18.0;1;0;1.0;9.277777777777779;11.38888888888889;13;131.0
297;1977;32;Team Lotus;62.0;5;0;1.9705882352941178;6.794117647058823;11.764705882352942;23;662.0
298;1977;34;Brabham;27.0;0;0;0.7714285714285715;7.171428571428572;13.17142857142857;25;199.0
299;1977;37;March;0.0;0;0;0.0;12.691176470588236;19.985294117647058;52;0.0
300;1977;56;Fittipaldi;11.0;0;0;0.6111111111111112;15.444444444444445;13.833333333333334;10;131.0
301;1977;57;Ensign;10.0;0;0;0.4;11.24;15.36;18;51.0
302;1977;58;Shadow;23.0;1;0;0.7058823529411765;14.558823529411764;13.147058823529411;26;119.0
303;1977;59;Wolf;55.0;3;0;3.235294117647059;6.588235294117647;9.117647058823529;8;551.0
304;1977;63;Surtees;6.0;0;0;0.16666666666666666;13.416666666666666;15.722222222222221;22;49.0
305;1977;64;Hesketh;0.0;0;0;0.0;12.392857142857142;20.071428571428573;23;0.0
306;1977;66;BRM;0.0;0;0;0.0;4.4;28.3;9;0.0
307;1977;67;Penske;1.0;0;0;0.058823529411764705;16.58823529411765;16.470588235294116;11;11.0
308;1977;68;LEC;0.0;0;0;0.0;12.0;21.8;3;0.0
309;1977;69;McGuire;0.0;0;0;0.0;0.0;35.0;1;0.0
310;1977;70;Boro;0.0;0;0;0.0;11.5;21.0;2;0.0
311;1977;71;Apollon;0.0;0;0;0.0;0.0;33.0;1;0.0
312;1977;72;Kojima;0.0;0;0;0.0;15.0;16.5;1;0.0
313;1978;1;McLaren;15.0;0;0;0.2909090909090909;12.127272727272727;14.981818181818182;45;147.0
314;1978;3;Williams;11.0;0;0;0.6875;10.125;12.5625;10;70.0
315;1978;4;Renault;3.0;0;0;0.21428571428571427;10.714285714285714;16.0;10;6.0
316;1978;6;Ferrari;58.0;5;0;2.03125;6.46875;9.5;15;459.0
317;1978;21;Arrows;11.0;0;0;0.39285714285714285;12.071428571428571;16.071428571428573;20;74.0
318;1978;25;Tyrrell;38.0;1;0;1.28125;14.3125;12.625;19;437.0
319;1978;27;Ligier;19.0;0;0;1.1875;10.125;8.1875;8;159.0
320;1978;32;Team Lotus;86.0;8;1;2.4166666666666665;5.979166666666667;12.708333333333334;27;1001.0
321;1978;34;Brabham;53.0;2;0;2.090909090909091;5.818181818181818;11.181818181818182;17;588.0
322;1978;54;ATS;0.0;0;0;0.0;12.0;19.1875;24;0.0
323;1978;55;Theodore;0.0;0;0;0.0;3.4285714285714284;26.142857142857142;7;0.0
324;1978;56;Fittipaldi;17.0;0;0;1.0625;12.625;11.5625;10;144.0
325;1978;57;Ensign;1.0;0;0;0.041666666666666664;13.75;19.625;21;1.0
326;1978;58;Shadow;6.0;0;0;0.17647058823529413;12.794117647058824;18.176470588235293;29;62.0
327;1978;59;Wolf;24.0;0;0;1.0909090909090908;10.772727272727273;12.681818181818182;12;136.0
328;1978;60;Merzario;0.0;0;0;0.0;10.941176470588236;23.41176470588235;16;0.0
329;1978;63;Surtees;1.0;0;0;0.03225806451612903;11.935483870967742;20.161290322580644;27;3.0
330;1978;64;Hesketh;0.0;0;0;0.0;4.166666666666667;27.0;6;0.0
331;1978;65;Martini;0.0;0;0;0.0;13.375;17.375;6;0.0
332;1979;1;McLaren;15.0;0;0;0.5;14.466666666666667;13.5;21;133.0
333;1979;3;Williams;75.0;5;0;2.5;8.466666666666667;9.5;13;403.0
334;1979;4;Renault;26.0;1;0;0.8666666666666667;7.433333333333334;15.5;25;157.0
335;1979;6;Ferrari;113.0;6;1;3.7666666666666666;5.6;5.2;13;787.0
336;1979;21;Arrows;5.0;0;0;0.16666666666666666;15.733333333333333;14.266666666666667;19;39.0
337;1979;25;Tyrrell;28.0;0;0;0.875;11.34375;10.25;22;208.0
338;1979;27;Ligier;61.0;3;0;2.033333333333333;7.633333333333334;11.466666666666667;20;488.0
339;1979;32;Team Lotus;39.0;0;0;0.9512195121951219;11.951219512195122;13.414634146341463;25;412.0
340;1979;51;Alfa Romeo;0.0;0;0;0.0;15.285714285714286;18.285714285714285;6;0.0
341;1979;54;ATS;2.0;0;0;0.13333333333333333;14.6;16.933333333333334;13;2.0
342;1979;56;Fittipaldi;1.0;0;0;0.058823529411764705;15.647058823529411;15.882352941176471;13;15.0
343;1979;57;Ensign;0.0;0;0;0.0;9.266666666666667;20.2;13;0.0
344;1979;58;Shadow;3.0;0;0;0.1;17.866666666666667;15.366666666666667;20;3.0
345;1979;59;Wolf;0.0;0;0;0.0;12.8;16.533333333333335;15;0.0
346;1979;60;Merzario;0.0;0;0;0.0;2.933333333333333;26.0;15;0.0
347;1979;61;Kauhsen;0.0;0;0;0.0;0.0;27.5;2;0.0
348;1979;62;Rebaque;0.0;0;0;0.0;7.333333333333333;24.0;3;0.0
349;1979;182;Brabham-Ford;0.0;0;0;0.0;6.4;14.2;4;10.0
350;1979;204;Brabham-Alfa Romeo;7.0;0;0;0.2692307692307692;9.423076923076923;16.076923076923077;24;20.0
351;1980;1;McLaren;11.0;0;0;0.39285714285714285;13.142857142857142;13.571428571428571;22;87.0
352;1980;3;Williams;120.0;6;1;3.1578947368421053;5.105263157894737;9.921052631578947;13;737.0
353;1980;4;Renault;38.0;3;0;1.4074074074074074;7.074074074074074;12.703703703703704;19;331.0
354;1980;6;Ferrari;8.0;0;0;0.2857142857142857;13.642857142857142;12.25;21;60.0
355;1980;21;Arrows;11.0;0;0;0.3793103448275862;13.137931034482758;14.241379310344827;23;114.0
356;1980;25;Tyrrell;12.0;0;0;0.4;15.866666666666667;14.166666666666666;24;105.0
357;1980;27;Ligier;66.0;2;0;2.357142857142857;6.285714285714286;9.25;15;496.0
358;1980;32;Team Lotus;14.0;0;0;0.45161290322580644;12.419354838709678;14.96774193548387;24;96.0
359;1980;34;Brabham;55.0;3;0;1.9642857142857142;9.5;11.607142857142858;16;414.0
360;1980;45;Osella;0.0;0;0;0.0;13.214285714285714;20.642857142857142;13;0.0
361;1980;51;Alfa Romeo;4.0;0;0;0.15384615384615385;11.076923076923077;16.423076923076923;25;40.0
362;1980;54;ATS;0.0;0;0;0.0;10.444444444444445;17.333333333333332;16;0.0
363;1980;56;Fittipaldi;11.0;0;0;0.39285714285714285;15.928571428571429;14.642857142857142;20;115.0
364;1980;57;Ensign;0.0;0;0;0.0;11.5625;20.0;15;0.0
365;1980;58;Shadow;0.0;0;0;0.0;1.7142857142857142;24.857142857142858;14;0.0
366;1981;1;McLaren;28.0;1;0;0.9333333333333333;11.233333333333333;12.333333333333334;18;182.0
367;1981;3;Williams;95.0;4;1;3.1666666666666665;4.133333333333334;7.466666666666667;9;908.0
368;1981;4;Renault;54.0;3;0;1.8;5.566666666666666;12.633333333333333;19;309.0
369;1981;6;Ferrari;34.0;2;0;1.1333333333333333;8.833333333333334;13.266666666666667;20;288.0
370;1981;21;Arrows;10.0;0;0;0.3333333333333333;11.1;17.7;25;128.0
371;1981;25;Tyrrell;10.0;0;0;0.3333333333333333;16.1;15.033333333333333;20;94.0
372;1981;27;Ligier;44.0;2;0;1.4666666666666666;11.166666666666666;13.666666666666666;21;298.0
373;1981;32;Team Lotus;22.0;0;0;0.7333333333333333;9.966666666666667;13.433333333333334;23;164.0
374;1981;34;Brabham;61.0;3;0;2.033333333333333;8.366666666666667;10.466666666666667;18;504.0
375;1981;37;March;0.0;0;0;0.0;9.0;21.55;16;0.0
376;1981;45;Osella;0.0;0;0;0.0;8.1;22.466666666666665;26;0.0
377;1981;51;Alfa Romeo;10.0;0;0;0.3333333333333333;12.233333333333333;12.066666666666666;22;55.0
378;1981;53;Toleman;0.0;0;0;0.0;1.875;27.0;23;0.0
379;1981;54;ATS;1.0;0;0;0.0625;12.6875;19.4375;13;7.0
380;1981;55;Theodore;1.0;0;0;0.06666666666666667;16.666666666666668;14.2;9;39.0
381;1981;56;Fittipaldi;0.0;0;0;0.0;9.035714285714286;21.0;25;0.0
382;1981;57;Ensign;5.0;0;0;0.3125;18.3125;15.25;11;20.0
383;1982;1;McLaren;69.0;4;0;2.3793103448275863;9.758620689655173;8.827586206896552;16;603.0
384;1982;3;Williams;58.0;1;0;1.9333333333333333;8.666666666666666;8.466666666666667;17;401.0
385;1982;4;Renault;62.0;4;0;1.9375;3.125;12.03125;21;509.0
386;1982;6;Ferrari;74.0;3;1;2.740740740740741;4.666666666666667;10.925925925925926;14;355.0
387;1982;21;Arrows;5.0;0;0;0.16666666666666666;16.6;14.9;21;35.0
388;1982;25;Tyrrell;25.0;1;0;0.78125;14.96875;10.59375;21;173.0
389;1982;27;Ligier;20.0;0;0;0.6666666666666666;15.533333333333333;15.133333333333333;25;140.0
390;1982;32;Team Lotus;30.0;1;0;1.0;14.266666666666667;12.633333333333333;23;246.0
391;1982;34;Brabham;41.0;2;0;1.3666666666666667;5.9;14.366666666666667;23;373.0
392;1982;37;March;0.0;0;0;0.0;14.2;20.085714285714285;25;0.0
393;1982;45;Osella;3.0;0;0;0.125;13.25;21.958333333333332;22;39.0
394;1982;51;Alfa Romeo;7.0;0;0;0.21875;9.3125;14.84375;24;63.0
395;1982;53;Toleman;0.0;0;0;0.0;10.321428571428571;22.535714285714285;26;0.0
396;1982;54;ATS;4.0;0;0;0.125;15.5625;18.3125;24;56.0
397;1982;55;Theodore;0.0;0;0;0.0;11.266666666666667;23.333333333333332;14;0.0
398;1982;56;Fittipaldi;1.0;0;0;0.07142857142857142;15.0;19.142857142857142;8;11.0
399;1982;57;Ensign;0.0;0;0;0.0;10.533333333333333;22.533333333333335;15;0.0
400;1983;1;McLaren;34.0;1;0;1.1333333333333333;15.8;13.8;23;378.0
401;1983;3;Williams;38.0;1;0;1.2258064516129032;12.483870967741936;11.225806451612904;20;395.0
402;1983;4;Renault;79.0;4;0;2.6333333333333333;6.066666666666666;9.466666666666667;16;645.0
403;1983;6;Ferrari;89.0;4;1;2.966666666666667;3.1666666666666665;8.733333333333333;14;691.0
404;1983;21;Arrows;4.0;0;0;0.13333333333333333;17.0;11.933333333333334;20;55.0
405;1983;25;Tyrrell;12.0;1;0;0.4;18.133333333333333;14.866666666666667;20;107.0
406;1983;27;Ligier;0.0;0;0;0.0;19.166666666666668;16.033333333333335;22;0.0
407;1983;32;Team Lotus;12.0;0;0;0.4;10.866666666666667;16.033333333333335;24;54.0
408;1983;34;Brabham;72.0;4;0;2.4;5.733333333333333;10.9;16;480.0
409;1983;45;Osella;0.0;0;0;0.0;13.233333333333333;22.433333333333334;28;0.0
410;1983;50;RAM;0.0;0;0;0.0;5.0;25.466666666666665;13;0.0
411;1983;51;Alfa Romeo;18.0;0;0;0.6;10.866666666666667;15.166666666666666;22;67.0
412;1983;52;Spirit;0.0;0;0;0.0;16.0;16.833333333333332;3;0.0
413;1983;53;Toleman;10.0;0;0;0.3333333333333333;11.5;15.0;23;24.0
414;1983;54;ATS;0.0;0;0;0.0;11.6;17.4;12;0.0
415;1983;55;Theodore;1.0;0;0;0.037037037037037035;16.555555555555557;18.037037037037038;21;12.0
416;1984;1;McLaren;143.5;12;1;4.484375;5.34375;6.6875;12;1094.5
417;1984;3;Williams;25.5;1;0;0.796875;11.25;15.15625;27;280.5
418;1984;4;Renault;34.0;0;0;1.0625;6.59375;11.71875;26;361.0
419;1984;6;Ferrari;57.5;1;0;1.796875;8.75;10.375;20;475.5
420;1984;21;Arrows;6.0;0;0;0.1875;16.8125;15.28125;24;57.0
421;1984;25;Tyrrell;0.0;0;0;0.0;17.423076923076923;16.346153846153847;26;0.0
422;1984;27;Ligier;3.0;0;0;0.0967741935483871;16.70967741935484;15.161290322580646;23;43.0
423;1984;32;Team Lotus;47.0;0;0;1.46875;6.5625;10.5625;22;430.0
424;1984;34;Brabham;38.0;2;0;1.1875;8.09375;12.15625;25;256.0
425;1984;45;Osella;2.0;0;0;0.08333333333333333;20.375;17.5;19;16.0
426;1984;50;RAM;0.0;0;0;0.0;21.612903225806452;18.096774193548388;22;0.0
427;1984;51;Alfa Romeo;11.0;0;0;0.34375;13.375;15.25;29;107.0
428;1984;52;Spirit;0.0;0;0;0.0;21.0;15.25;10;0.0
429;1984;53;Toleman;16.0;0;0;0.5517241379310345;12.482758620689655;16.310344827586206;21;94.0
430;1984;54;ATS;0.0;0;0;0.0;13.294117647058824;17.235294117647058;13;0.0
431;1985;1;McLaren;90.0;6;1;2.903225806451613;7.612903225806452;8.483870967741936;17;733.0
432;1985;3;Williams;71.0;4;0;2.21875;4.6875;10.84375;17;393.0
433;1985;4;Renault;16.0;0;0;0.5161290322580645;11.548387096774194;13.32258064516129;25;190.0
434;1985;6;Ferrari;82.0;2;0;2.5625;8.90625;9.15625;18;812.0
435;1985;18;Minardi;0.0;0;0;0.0;23.8;17.266666666666666;13;0.0
436;1985;21;Arrows;14.0;0;0;0.4375;13.0625;11.09375;20;118.0
437;1985;25;Tyrrell;7.0;0;0;0.23333333333333334;19.833333333333332;11.8;17;31.0
438;1985;26;Lola;0.0;0;0;0.0;21.0;21.5;4;0.0
439;1985;27;Ligier;23.0;0;0;0.7666666666666667;15.033333333333333;13.0;21;121.0
440;1985;32;Team Lotus;71.0;3;0;2.21875;4.875;8.46875;19;665.0
441;1985;34;Brabham;26.0;1;0;0.8125;9.0625;13.59375;27;197.0
442;1985;45;Osella;0.0;0;0;0.0;21.933333333333334;15.533333333333333;10;0.0
443;1985;49;Zakspeed;0.0;0;0;0.0;22.4;21.0;9;0.0
444;1985;50;RAM;0.0;0;0;0.0;19.2;19.0;22;0.0
445;1985;51;Alfa Romeo;0.0;0;0;0.0;14.46875;16.9375;26;0.0
446;1985;52;Spirit;0.0;0;0;0.0;26.333333333333332;21.0;3;0.0
447;1985;53;Toleman;0.0;0;0;0.0;13.3;19.0;19;0.0
448;1986;1;McLaren;96.0;4;0;3.0;5.375;8.71875;17;832.0
449;1986;3;Williams;141.0;9;1;4.40625;3.3125;5.9375;13;1145.0
450;1986;6;Ferrari;37.0;0;0;1.15625;10.5625;11.5625;25;253.0
451;1986;18;Minardi;0.0;0;0;0.0;20.06451612903226;19.129032258064516;29;0.0
452;1986;21;Arrows;1.0;0;0;0.03225806451612903;18.322580645161292;12.419354838709678;17;5.0
453;1986;22;Benetton;19.0;1;0;0.59375;7.9375;13.53125;24;143.0
454;1986;25;Tyrrell;11.0;0;0;0.34375;16.6875;12.53125;17;67.0
455;1986;26;Lola;6.0;0;0;0.1875;14.65625;16.1875;25;29.0
456;1986;27;Ligier;29.0;0;0;0.90625;9.40625;10.46875;22;222.0
457;1986;32;Team Lotus;58.0;2;0;1.8125;7.5;11.84375;18;575.0
458;1986;34;Brabham;2.0;0;0;0.06451612903225806;12.516129032258064;15.258064516129032;26;24.0
459;1986;39;AGS;0.0;0;0;0.0;25.0;21.0;2;0.0
460;1986;45;Osella;0.0;0;0;0.0;23.25;19.78125;28;0.0
461;1986;49;Zakspeed;0.0;0;0;0.0;21.24137931034483;16.655172413793103;20;0.0
462;1987;1;McLaren;76.0;3;0;2.375;7.0625;8.65625;13;757.0
463;1987;3;Williams;137.0;9;1;4.28125;2.09375;7.3125;13;1121.0
464;1987;6;Ferrari;53.0;2;0;1.65625;5.5;12.75;22;322.0
465;1987;18;Minardi;0.0;0;0;0.0;17.40625;19.40625;29;0.0
466;1987;21;Arrows;11.0;0;0;0.34375;11.375;13.84375;24;96.0
467;1987;22;Benetton;28.0;0;0;0.875;6.84375;11.90625;24;178.0
468;1987;25;Tyrrell;11.0;0;0;0.34375;20.65625;11.5;12;85.0
469;1987;27;Ligier;1.0;0;0;0.03333333333333333;18.1;15.966666666666667;19;14.0
470;1987;32;Team Lotus;64.0;2;0;2.0;9.5;9.28125;15;617.0
471;1987;33;Larrousse;3.0;0;0;0.16666666666666666;20.38888888888889;13.555555555555555;10;16.0
472;1987;34;Brabham;10.0;0;0;0.3125;10.71875;17.28125;27;78.0
473;1987;37;March;1.0;0;0;0.0625;21.6875;15.875;10;13.0
474;1987;39;AGS;1.0;0;0;0.07142857142857142;23.214285714285715;14.642857142857142;5;1.0
475;1987;42;Coloni;0.0;0;0;0.0;13.0;26.5;2;0.0
476;1987;45;Osella;0.0;0;0;0.0;21.473684210526315;19.63157894736842;19;0.0
477;1987;49;Zakspeed;2.0;0;0;0.0625;17.25;16.0625;23;30.0
478;1988;1;McLaren;199.0;15;1;6.21875;1.875;3.71875;5;1661.0
479;1988;3;Williams;20.0;0;0;0.625;9.15625;14.46875;24;92.0
480;1988;6;Ferrari;65.0;1;0;2.03125;5.125;10.53125;18;628.0
481;1988;18;Minardi;1.0;0;0;0.03125;15.0;18.1875;20;11.0
482;1988;21;Arrows;23.0;0;0;0.71875;11.71875;12.09375;24;203.0
483;1988;22;Benetton;39.0;0;0;1.21875;7.84375;10.3125;19;281.0
484;1988;25;Tyrrell;5.0;0;0;0.15625;13.0;20.3125;27;62.0
485;1988;27;Ligier;0.0;0;0;0.0;16.21875;20.5625;25;0.0
486;1988;32;Team Lotus;23.0;0;0;0.71875;8.375;13.6875;24;236.0
487;1988;33;Larrousse;0.0;0;0;0.0;17.53125;15.59375;21;0.0
488;1988;35;Dallara;0.0;0;0;0.0;15.75;18.125;13;0.0
489;1988;37;March;22.0;0;0;0.6875;10.78125;13.46875;22;140.0
490;1988;39;AGS;0.0;0;0;0.0;16.5625;16.75;13;0.0
491;1988;42;Coloni;0.0;0;0;0.0;11.4375;22.625;12;0.0
492;1988;44;Euro Brun;0.0;0;0;0.0;12.96875;22.5625;26;0.0
493;1988;45;Osella;0.0;0;0;0.0;14.0625;23.1875;14;0.0
494;1988;48;Rial;3.0;0;0;0.1875;15.25;16.375;14;33.0
495;1988;49;Zakspeed;0.0;0;0;0.0;9.67741935483871;23.741935483870968;29;0.0
496;1989;1;McLaren;141.0;10;1;4.40625;1.875;7.3125;11;1317.0
497;1989;3;Williams;77.0;2;0;2.40625;6.34375;9.75;16;556.0
498;1989;6;Ferrari;59.0;3;0;1.9666666666666666;4.733333333333333;13.6;21;423.0
499;1989;18;Minardi;6.0;0;0;0.1875;13.84375;17.28125;28;32.0
500;1989;21;Arrows;13.0;0;0;0.40625;16.625;13.0625;23;136.0
501;1989;22;Benetton;39.0;1;0;1.21875;12.75;12.5;17;223.0
502;1989;25;Tyrrell;16.0;0;0;0.5;14.59375;14.53125;22;90.0
503;1989;27;Ligier;3.0;0;0;0.09375;13.34375;19.5625;27;32.0
504;1989;32;Team Lotus;15.0;0;0;0.46875;14.9375;14.5;25;92.0
505;1989;33;Larrousse;1.0;0;0;0.03125;11.375;21.5;29;51.0
506;1989;34;Brabham;8.0;0;0;0.25;11.125;15.5;28;79.0
507;1989;35;Dallara;8.0;0;0;0.25;13.125;15.15625;22;97.0
508;1989;37;March;4.0;0;0;0.125;15.28125;16.9375;28;64.0
509;1989;39;AGS;1.0;0;0;0.03225806451612903;3.806451612903226;30.741935483870968;31;13.0
510;1989;42;Coloni;0.0;0;0;0.0;3.34375;32.6875;32;0.0
511;1989;44;Euro Brun;0.0;0;0;0.0;0.0;34.6875;16;0.0
512;1989;45;Osella;0.0;0;0;0.0;5.90625;28.4375;32;0.0
513;1989;46;Onyx;6.0;0;0;0.1875;8.6875;24.15625;30;36.0
514;1989;48;Rial;3.0;0;0;0.09375;2.78125;28.4375;29;27.0
515;1989;49;Zakspeed;0.0;0;0;0.0;1.4838709677419355;35.03225806451613;31;0.0
516;1990;1;McLaren;121.0;6;1;3.78125;2.28125;7.25;10;1159.0
517;1990;3;Williams;57.0;2;0;1.78125;5.6875;9.8125;16;491.0
518;1990;6;Ferrari;110.0;6;0;3.4375;4.59375;8.5625;13;840.0
519;1990;18;Minardi;0.0;0;0;0.0;12.28125;18.96875;24;0.0
520;1990;21;Arrows;2.0;0;0;0.0625;16.59375;16.375;24;24.0
521;1990;22;Benetton;71.0;2;0;2.21875;9.125;8.3125;13;437.0
522;1990;25;Tyrrell;16.0;0;0;0.5;9.9375;15.03125;27;211.0
523;1990;27;Ligier;0.0;0;0;0.0;18.0625;14.5;16;0.0
524;1990;32;Team Lotus;3.0;0;0;0.09375;14.40625;15.0;29;26.0
525;1990;33;Larrousse;11.0;0;0;0.34375;15.46875;14.875;25;67.0
526;1990;34;Brabham;2.0;0;0;0.0625;15.46875;20.03125;26;32.0
527;1990;35;Dallara;0.0;0;0;0.0;16.34375;20.125;28;0.0
528;1990;39;AGS;0.0;0;0;0.0;6.90625;26.5625;30;0.0
529;1990;41;Leyton House;7.0;0;0;0.21875;12.34375;17.96875;27;66.0
530;1990;42;Coloni;0.0;0;0;0.0;0.0;32.0;16;0.0
531;1990;44;Euro Brun;0.0;0;0;0.0;1.4285714285714286;31.035714285714285;27;0.0
532;1990;45;Osella;0.0;0;0;0.0;10.9375;22.0;12;0.0
533;1990;46;Onyx;0.0;0;0;0.0;11.85;21.7;18;0.0
534;1990;47;Life;0.0;0;0;0.0;0.0;34.214285714285715;14;0.0
535;1991;1;McLaren;139.0;8;1;4.34375;2.875;7.46875;10;1214.0
536;1991;3;Williams;125.0;7;0;3.90625;3.21875;8.3125;13;968.0
537;1991;6;Ferrari;55.5;0;0;1.734375;5.4375;11.78125;17;441.5
538;1991;17;Jordan;13.0;0;0;0.40625;13.375;13.1875;24;128.0
539;1991;18;Minardi;6.0;0;0;0.1875;15.03125;14.6875;24;62.0
540;1991;22;Benetton;38.5;1;0;1.203125;8.40625;10.59375;19;326.5
541;1991;25;Tyrrell;12.0;0;0;0.375;12.78125;14.59375;20;154.0
542;1991;26;Lola;1.0;0;0;0.038461538461538464;17.23076923076923;21.192307692307693;25;23.0
543;1991;27;Ligier;0.0;0;0;0.0;18.5625;15.4375;22;0.0
544;1991;29;Footwork;0.0;0;0;0.0;8.75;24.875;29;0.0
545;1991;32;Team Lotus;3.0;0;0;0.09375;16.65625;18.21875;19;30.0
546;1991;33;Larrousse;1.0;0;0;0.16666666666666666;11.333333333333334;22.166666666666668;5;7.0
547;1991;34;Brabham;3.0;0;0;0.09375;15.03125;16.6875;23;10.0
548;1991;35;Dallara;5.0;0;0;0.15625;13.71875;16.625;25;69.0
549;1991;36;Fondmetal;0.0;0;0;0.0;8.5625;25.125;14;0.0
550;1991;39;AGS;0.0;0;0;0.0;2.5;28.714285714285715;27;0.0
551;1991;40;Lambo;0.0;0;0;0.0;4.0;28.125;29;0.0
552;1991;41;Leyton House;1.0;0;0;0.03125;15.09375;16.9375;27;5.0
553;1991;42;Coloni;0.0;0;0;0.0;0.0;33.4;15;0.0
554;1992;1;McLaren;99.0;5;0;3.09375;3.6875;10.40625;15;694.0
555;1992;3;Williams;164.0;10;1;5.125;1.84375;6.46875;10;1638.0
556;1992;6;Ferrari;21.0;0;0;0.65625;9.1875;14.65625;28;183.0
557;1992;17;Jordan;1.0;0;0;0.03125;17.40625;18.96875;25;1.0
558;1992;18;Minardi;1.0;0;0;0.03125;15.90625;17.5625;22;2.0
559;1992;22;Benetton;91.0;1;0;2.84375;6.03125;8.0;11;678.0
560;1992;25;Tyrrell;8.0;0;0;0.25;16.1875;15.71875;26;60.0
561;1992;27;Ligier;6.0;0;0;0.1875;12.96875;14.125;22;37.0
562;1992;29;Footwork;6.0;0;0;0.1875;14.8125;12.6875;21;67.0
563;1992;32;Team Lotus;13.0;0;0;0.40625;12.78125;15.0;26;104.0
564;1992;33;Larrousse;1.0;0;0;0.03125;17.53125;17.875;27;11.0
565;1992;34;Brabham;0.0;0;0;0.0;3.6666666666666665;26.904761904761905;18;0.0
566;1992;35;Dallara;2.0;0;0;0.0625;17.46875;13.4375;24;25.0
567;1992;36;Fondmetal;0.0;0;0;0.0;13.76923076923077;21.807692307692307;25;0.0
568;1992;37;March;3.0;0;0;0.09375;15.21875;17.34375;21;24.0
569;1993;1;McLaren;84.0;5;0;2.625;6.1875;11.53125;19;713.0
570;1993;3;Williams;168.0;10;1;5.25;1.8125;5.5;9;1401.0
571;1993;6;Ferrari;28.0;0;0;0.875;8.4375;13.09375;24;171.0
572;1993;15;Sauber;12.0;0;0;0.375;11.53125;13.71875;29;105.0
573;1993;17;Jordan;3.0;0;0;0.09375;17.53125;16.78125;22;6.0
574;1993;18;Minardi;7.0;0;0;0.21875;20.1875;13.59375;20;71.0
575;1993;22;Benetton;72.0;1;0;2.25;5.6875;9.9375;18;591.0
576;1993;25;Tyrrell;0.0;0;0;0.0;20.8125;17.9375;22;0.0
577;1993;26;Lola;0.0;0;0;0.0;18.107142857142858;18.0;18;0.0
578;1993;27;Ligier;23.0;0;0;0.71875;11.625;11.84375;26;239.0
579;1993;29;Footwork;4.0;0;0;0.125;13.59375;14.9375;22;26.0
580;1993;32;Team Lotus;12.0;0;0;0.375;16.40625;14.21875;25;132.0
581;1993;33;Larrousse;3.0;0;0;0.09375;16.90625;13.46875;17;26.0
582;1994;1;McLaren;42.0;0;0;1.3125;8.78125;12.25;21;285.0
583;1994;3;Williams;118.0;7;1;3.806451612903226;3.2580645161290325;8.193548387096774;17;735.0
584;1994;6;Ferrari;71.0;1;0;2.21875;5.84375;11.3125;21;568.0
585;1994;15;Sauber;12.0;0;0;0.3870967741935484;10.806451612903226;15.870967741935484;26;112.0
586;1994;17;Jordan;28.0;0;0;0.875;9.4375;13.90625;26;193.0
587;1994;18;Minardi;5.0;0;0;0.15625;16.96875;14.6875;22;57.0
588;1994;22;Benetton;103.0;8;0;3.21875;6.96875;10.5;19;865.0
589;1994;25;Tyrrell;13.0;0;0;0.40625;11.90625;14.78125;28;143.0
590;1994;27;Ligier;13.0;0;0;0.40625;16.65625;10.8125;14;77.0
591;1994;29;Footwork;9.0;0;0;0.28125;15.125;14.4375;27;91.0
592;1994;30;Pacific;0.0;0;0;0.0;6.3125;25.71875;32;0.0
593;1994;31;Simtek;0.0;0;0;0.0;23.266666666666666;16.933333333333334;18;0.0
594;1994;32;Team Lotus;0.0;0;0;0.0;20.21875;15.0625;16;4.0
595;1994;33;Larrousse;2.0;0;0;0.0625;21.15625;16.875;23;21.0
596;1995;1;McLaren;30.0;0;0;0.8823529411764706;9.647058823529411;12.823529411764707;23;214.0
597;1995;3;Williams;118.0;5;0;3.4705882352941178;2.5588235294117645;9.088235294117647;15;1077.0
598;1995;6;Ferrari;73.0;1;0;2.1470588235294117;4.617647058823529;9.617647058823529;20;806.0
599;1995;15;Sauber;18.0;0;0;0.5294117647058824;13.558823529411764;11.794117647058824;26;154.0
600;1995;17;Jordan;21.0;0;0;0.6176470588235294;8.558823529411764;12.205882352941176;27;188.0
601;1995;18;Minardi;1.0;0;0;0.029411764705882353;17.11764705882353;13.970588235294118;18;1.0
602;1995;22;Benetton;147.0;11;1;4.323529411764706;5.147058823529412;6.676470588235294;15;1319.0
603;1995;25;Tyrrell;5.0;0;0;0.14705882352941177;15.088235294117647;13.558823529411764;23;16.0
604;1995;27;Ligier;24.0;0;0;0.7058823529411765;11.647058823529411;11.588235294117647;23;145.0
605;1995;28;Forti;0.0;0;0;0.0;22.764705882352942;16.470588235294116;22;0.0
606;1995;29;Footwork;5.0;0;0;0.14705882352941177;17.735294117647058;15.882352941176471;25;9.0
607;1995;30;Pacific;0.0;0;0;0.0;22.323529411764707;18.205882352941178;28;0.0
608;1995;31;Simtek;0.0;0;0;0.0;20.5;19.1;7;0.0
609;1996;1;McLaren;49.0;0;0;1.53125;7.4375;8.8125;17;396.0
610;1996;3;Williams;175.0;12;1;5.46875;2.25;4.84375;9;1539.0
611;1996;6;Ferrari;70.0;3;0;2.1875;5.25;9.875;20;544.0
612;1996;15;Sauber;11.0;0;0;0.34375;11.75;11.65625;28;108.0
613;1996;17;Jordan;22.0;0;0;0.6875;9.59375;10.21875;21;170.0
614;1996;18;Minardi;0.0;0;0;0.0;17.21875;14.75;21;0.0
615;1996;22;Benetton;68.0;0;0;2.125;5.3125;7.9375;14;549.0
616;1996;25;Tyrrell;5.0;0;0;0.15625;14.15625;12.6875;24;68.0
617;1996;27;Ligier;15.0;1;0;0.46875;14.4375;11.875;25;148.0
618;1996;28;Forti;0.0;0;0;0.0;21.15;18.05;17;0.0
619;1996;29;Footwork;1.0;0;0;0.03125;16.5625;14.5;25;14.0
620;1997;1;McLaren;63.0;3;0;1.8529411764705883;6.705882352941177;10.382352941176471;19;497.0
621;1997;3;Williams;123.0;8;1;3.6176470588235294;2.8529411764705883;7.647058823529412;12;1034.0
622;1997;6;Ferrari;102.0;5;0;3.0;6.5;8.735294117647058;13;1000.0
623;1997;15;Sauber;16.0;0;0;0.47058823529411764;12.735294117647058;10.941176470588236;20;144.0
624;1997;17;Jordan;33.0;0;0;0.9705882352941176;8.441176470588236;11.0;18;288.0
625;1997;18;Minardi;0.0;0;0;0.0;19.294117647058822;15.941176470588236;24;0.0
626;1997;20;Prost;21.0;0;0;0.6176470588235294;12.911764705882353;11.205882352941176;17;140.0
627;1997;21;Arrows;9.0;0;0;0.2647058823529412;14.5;14.029411764705882;24;57.0
628;1997;22;Benetton;67.0;1;0;1.9705882352941178;8.588235294117647;7.5;10;526.0
629;1997;24;Stewart;6.0;0;0;0.17647058823529413;13.470588235294118;15.764705882352942;32;78.0
630;1997;25;Tyrrell;2.0;0;0;0.058823529411764705;19.323529411764707;13.352941176470589;28;26.0
631;1997;26;Lola;0.0;0;0;0.0;23.5;23.5;2;
632;1998;1;McLaren;156.0;9;1;4.875;2.40625;5.625;9;1413.0
633;1998;3;Williams;38.0;0;0;1.1875;7.0625;8.46875;18;332.0
634;1998;6;Ferrari;133.0;6;0;4.15625;4.25;5.40625;8;1105.0
635;1998;15;Sauber;10.0;0;0;0.3125;11.125;11.34375;26;79.0
636;1998;17;Jordan;34.0;1;0;1.0625;8.84375;10.9375;18;143.0
637;1998;18;Minardi;0.0;0;0;0.0;20.0625;14.59375;21;0.0
638;1998;20;Prost;1.0;0;0;0.03125;14.375;14.09375;22;4.0
639;1998;21;Arrows;6.0;0;0;0.1875;15.90625;16.0625;25;52.0
640;1998;22;Benetton;33.0;0;0;1.03125;7.90625;9.125;20;354.0
641;1998;24;Stewart;5.0;0;0;0.15625;15.375;14.6875;23;45.0
642;1998;25;Tyrrell;0.0;0;0;0.0;17.379310344827587;15.551724137931034;20;0.0
643;1999;1;McLaren;124.0;7;0;3.875;2.5;7.75;12;1040.0
644;1999;3;Williams;35.0;0;0;1.09375;11.34375;10.71875;18;298.0
645;1999;6;Ferrari;128.0;6;1;4.0;5.28125;5.34375;7;921.0
646;1999;15;Sauber;5.0;0;0;0.15625;13.6875;13.96875;25;43.0
647;1999;16;BAR;0.0;0;0;0.0;13.03125;14.59375;28;0.0
648;1999;17;Jordan;61.0;2;0;1.90625;7.53125;9.875;17;528.0
649;1999;18;Minardi;1.0;0;0;0.03125;20.34375;13.84375;22;3.0
650;1999;20;Prost;9.0;0;0;0.28125;11.53125;12.71875;24;52.0
651;1999;21;Arrows;1.0;0;0;0.03125;20.0625;14.9375;24;16.0
652;1999;22;Benetton;16.0;0;0;0.5;11.4375;11.625;20;197.0
653;1999;24;Stewart;36.0;1;0;1.125;8.8125;11.125;19;226.0
654;2000;1;McLaren;162.0;7;0;4.764705882352941;2.6176470588235294;5.0;8;1403.0
655;2000;3;Williams;36.0;0;0;1.0588235294117647;10.147058823529411;10.441176470588236;22;342.0
656;2000;6;Ferrari;170.0;10;1;5.0;3.411764705882353;5.794117647058823;9;1493.0
657;2000;15;Sauber;6.0;0;0;0.17647058823529413;13.970588235294118;11.882352941176471;28;59.0
658;2000;16;BAR;20.0;0;0;0.5882352941176471;11.470588235294118;10.647058823529411;20;169.0
659;2000;17;Jordan;17.0;0;0;0.5;7.705882352941177;13.264705882352942;23;181.0
660;2000;18;Minardi;0.0;0;0;0.0;21.029411764705884;13.911764705882353;23;0.0
661;2000;19;Jaguar;4.0;0;0;0.11764705882352941;12.235294117647058;12.617647058823529;24;31.0
662;2000;20;Prost;0.0;0;0;0.0;16.87878787878788;15.878787878787879;28;0.0
663;2000;21;Arrows;7.0;0;0;0.20588235294117646;13.882352941176471;15.235294117647058;27;51.0
664;2000;22;Benetton;20.0;0;0;0.5882352941176471;11.735294117647058;11.647058823529411;26;246.0
665;2001;1;McLaren;102.0;4;0;3.0;4.647058823529412;8.264705882352942;13;906.0
666;2001;3;Williams;80.0;4;0;2.3529411764705883;4.411764705882353;10.352941176470589;19;624.0
667;2001;6;Ferrari;179.0;9;1;5.264705882352941;3.088235294117647;4.911764705882353;6;1631.0
668;2001;15;Sauber;21.0;0;0;0.6176470588235294;10.058823529411764;11.441176470588236;24;243.0
669;2001;16;BAR;17.0;0;0;0.5;11.088235294117647;11.205882352941176;23;181.0
670;2001;17;Jordan;19.0;0;0;0.5588235294117647;8.382352941176471;11.764705882352942;26;197.0
671;2001;18;Minardi;0.0;0;0;0.0;20.0;15.5;21;0.0
672;2001;19;Jaguar;9.0;0;0;0.2647058823529412;13.588235294117647;13.882352941176471;26;64.0
673;2001;20;Prost;4.0;0;0;0.11764705882352941;16.264705882352942;12.558823529411764;26;47.0
674;2001;21;Arrows;1.0;0;0;0.029411764705882353;18.264705882352942;13.970588235294118;24;12.0
675;2001;22;Benetton;10.0;0;0;0.29411764705882354;16.058823529411764;12.647058823529411;21;61.0
676;2002;1;McLaren;65.0;1;0;1.911764705882353;5.617647058823529;9.382352941176471;17;573.0
677;2002;3;Williams;92.0;1;0;2.7058823529411766;3.2058823529411766;7.0;11;989.0
678;2002;4;Renault;23.0;0;0;0.6764705882352942;9.5;10.911764705882353;25;209.0
679;2002;6;Ferrari;221.0;15;1;6.5;2.3529411764705883;4.147058823529412;6;1796.0
680;2002;7;Toyota;2.0;0;0;0.058823529411764705;14.588235294117647;13.794117647058824;25;32.0
681;2002;15;Sauber;11.0;0;0;0.3235294117647059;10.911764705882353;10.617647058823529;28;134.0
682;2002;16;BAR;7.0;0;0;0.20588235294117646;12.705882352941176;12.676470588235293;30;45.0
683;2002;17;Jordan;9.0;0;0;0.2647058823529412;12.941176470588236;12.647058823529411;25;73.0
684;2002;18;Minardi;2.0;0;0;0.0625;19.5625;14.96875;19;34.0
685;2002;19;Jaguar;8.0;0;0;0.23529411764705882;15.882352941176471;13.058823529411764;25;67.0
686;2002;21;Arrows;2.0;0;0;0.08333333333333333;14.583333333333334;14.958333333333334;20;14.0
687;2003;1;McLaren;142.0;2;0;4.4375;7.65625;7.09375;8;1259.0
688;2003;3;Williams;144.0;4;0;4.5;5.03125;6.4375;9;1143.0
689;2003;4;Renault;88.0;1;0;2.75;7.59375;9.09375;15;783.0
690;2003;6;Ferrari;158.0;8;1;4.9375;3.9375;6.09375;10;1336.0
691;2003;7;Toyota;16.0;0;0;0.5;10.125;12.0;24;101.0
692;2003;15;Sauber;19.0;0;0;0.59375;12.78125;12.125;19;147.0
693;2003;16;BAR;26.0;0;0;0.8125;11.8125;11.84375;22;178.0
694;2003;17;Jordan;13.0;1;0;0.40625;15.5625;13.8125;23;154.0
695;2003;18;Minardi;0.0;0;0;0.0;18.6875;14.0625;13;0.0
696;2003;19;Jaguar;18.0;0;0;0.5625;11.84375;12.4375;26;129.0
697;2004;1;McLaren;69.0;1;0;1.9166666666666667;8.75;10.472222222222221;23;475.0
698;2004;3;Williams;88.0;1;0;2.4444444444444446;6.388888888888889;8.777777777777779;15;674.0
699;2004;4;Renault;105.0;1;0;2.9166666666666665;7.472222222222222;7.833333333333333;12;1036.0
700;2004;6;Ferrari;262.0;15;1;7.277777777777778;4.25;3.3055555555555554;3;2636.0
701;2004;7;Toyota;9.0;0;0;0.25;11.805555555555555;13.416666666666666;28;165.0
702;2004;15;Sauber;34.0;0;0;0.9444444444444444;12.86111111111111;9.722222222222221;21;279.0
703;2004;16;BAR;119.0;0;0;3.3055555555555554;6.861111111111111;7.833333333333333;12;1091.0
704;2004;17;Jordan;5.0;0;0;0.1388888888888889;16.36111111111111;14.722222222222221;22;45.0
705;2004;18;Minardi;1.0;0;0;0.027777777777777776;18.555555555555557;16.083333333333332;16;10.0
706;2004;19;Jaguar;10.0;0;0;0.2777777777777778;11.694444444444445;12.833333333333334;24;84.0
707;2005;1;McLaren;182.0;10;0;4.7894736842105265;6.605263157894737;6.842105263157895;12;1435.0
708;2005;3;Williams;66.0;0;0;1.736842105263158;9.31578947368421;11.026315789473685;19;645.0
709;2005;4;Renault;191.0;8;1;5.026315789473684;4.842105263157895;6.131578947368421;12;1853.0
710;2005;6;Ferrari;100.0;1;0;2.6315789473684212;9.368421052631579;8.5;15;1091.0
711;2005;7;Toyota;88.0;0;0;2.3157894736842106;7.447368421052632;8.236842105263158;14;979.0
712;2005;9;Red Bull;34.0;0;0;0.8947368421052632;11.210526315789474;11.473684210526315;23;374.0
713;2005;15;Sauber;20.0;0;0;0.5263157894736842;12.18421052631579;11.263157894736842;26;207.0
714;2005;16;BAR;38.0;0;0;1.1176470588235294;8.5;11.529411764705882;22;237.0
715;2005;17;Jordan;12.0;0;0;0.3157894736842105;16.92105263157895;13.868421052631579;14;125.0
716;2005;18;Minardi;7.0;0;0;0.18421052631578946;17.44736842105263;15.289473684210526;15;53.0
717;2006;1;McLaren;110.0;0;0;3.0555555555555554;6.888888888888889;9.5;14;927.0
718;2006;2;BMW Sauber;36.0;0;0;1.0;10.805555555555555;10.86111111111111;21;304.0
719;2006;3;Williams;11.0;0;0;0.3055555555555556;12.11111111111111;15.027777777777779;27;166.0
720;2006;4;Renault;206.0;8;1;5.722222222222222;4.944444444444445;4.916666666666667;4;2065.0
721;2006;5;Toro Rosso;1.0;0;0;0.027777777777777776;15.805555555555555;13.63888888888889;31;9.0
722;2006;6;Ferrari;201.0;9;0;5.583333333333333;6.055555555555555;5.25;7;1796.0
723;2006;7;Toyota;35.0;0;0;0.9722222222222222;10.194444444444445;11.944444444444445;24;300.0
724;2006;8;Super Aguri;0.0;0;0;0.0;20.13888888888889;17.25;21;0.0
725;2006;9;Red Bull;16.0;0;0;0.4444444444444444;13.777777777777779;13.277777777777779;30;159.0
726;2006;11;Honda;86.0;1;0;2.388888888888889;7.694444444444445;8.777777777777779;15;687.0
727;2006;13;MF1;0.0;0;0;0.0;17.785714285714285;15.75;17;0.0
728;2006;14;Spyker MF1;0.0;0;0;0.0;19.125;17.125;4;0.0
729;2007;1;McLaren;218.0;8;0;6.411764705882353;2.8823529411764706;3.9705882352941178;4;2117.0
730;2007;2;BMW Sauber;101.0;0;0;2.9705882352941178;6.147058823529412;7.735294117647059;9;917.0
731;2007;3;Williams;33.0;0;0;0.9705882352941176;12.676470588235293;11.676470588235293;20;259.0
732;2007;4;Renault;51.0;0;0;1.5;10.764705882352942;9.5;16;484.0
733;2007;5;Toro Rosso;8.0;0;0;0.23529411764705882;16.205882352941178;16.5;29;23.0
734;2007;6;Ferrari;204.0;9;1;6.0;3.8823529411764706;4.970588235294118;6;1734.0
735;2007;7;Toyota;13.0;0;0;0.38235294117647056;10.764705882352942;13.029411764705882;24;146.0
736;2007;8;Super Aguri;4.0;0;0;0.11764705882352941;16.647058823529413;15.0;25;50.0
737;2007;9;Red Bull;24.0;0;0;0.7058823529411765;11.205882352941176;13.441176470588236;20;183.0
738;2007;11;Honda;6.0;0;0;0.17647058823529413;14.470588235294118;13.294117647058824;27;23.0
739;2007;12;Spyker;1.0;0;0;0.029411764705882353;20.852941176470587;17.38235294117647;21;3.0
740;2008;1;McLaren;151.0;6;0;4.194444444444445;4.138888888888889;6.555555555555555;8;1491.0
741;2008;2;BMW Sauber;135.0;1;0;3.75;7.416666666666667;6.055555555555555;4;1431.0
742;2008;3;Williams;26.0;0;0;0.7222222222222222;13.583333333333334;11.777777777777779;19;301.0
743;2008;4;Renault;80.0;2;0;2.2222222222222223;10.166666666666666;10.25;15;508.0
744;2008;5;Toro Rosso;39.0;1;0;1.0833333333333333;12.333333333333334;12.86111111111111;18;246.0
745;2008;6;Ferrari;172.0;8;1;4.777777777777778;3.6666666666666665;6.527777777777778;9;1686.0
746;2008;7;Toyota;56.0;0;0;1.5555555555555556;9.333333333333334;9.972222222222221;14;492.0
747;2008;8;Super Aguri;0.0;0;0;0.0;20.75;15.625;7;0.0
748;2008;9;Red Bull;29.0;0;0;0.8055555555555556;11.0;11.61111111111111;15;346.0
749;2008;10;Force India;0.0;0;0;0.0;18.75;16.88888888888889;29;0.0
750;2008;11;Honda;14.0;0;0;0.3888888888888889;14.777777777777779;13.805555555555555;25;168.0
751;2009;1;McLaren;71.0;2;0;2.088235294117647;10.088235294117647;10.411764705882353;14;514.0
752;2009;2;BMW Sauber;36.0;0;0;1.0588235294117647;11.352941176470589;11.088235294117647;12;216.0
753;2009;3;Williams;34.5;0;0;1.0147058823529411;10.117647058823529;10.970588235294118;9;323.0
754;2009;4;Renault;26.0;0;0;0.7647058823529411;11.882352941176471;12.411764705882353;17;241.0
755;2009;5;Toro Rosso;8.0;0;0;0.23529411764705882;15.411764705882353;14.911764705882353;23;67.0
756;2009;6;Ferrari;70.0;1;0;2.0588235294117645;9.735294117647058;9.794117647058824;10;463.0
757;2009;7;Toyota;59.5;0;0;1.75;10.382352941176471;9.558823529411764;9;548.0
758;2009;9;Red Bull;153.5;6;0;4.514705882352941;5.5588235294117645;7.029411764705882;8;1280.0
759;2009;10;Force India;13.0;0;0;0.38235294117647056;14.764705882352942;13.941176470588236;18;33.0
760;2009;23;Brawn;172.0;8;1;5.0588235294117645;5.117647058823529;4.882352941176471;2;1752.0
761;2010;1;McLaren;454.0;5;0;11.947368421052632;6.0;6.394736842105263;7;4705.0
762;2010;3;Williams;69.0;0;0;1.8157894736842106;10.31578947368421;12.552631578947368;20;576.0
763;2010;4;Renault;163.0;0;0;4.2894736842105265;10.552631578947368;10.973684210526315;16;1708.0
764;2010;5;Toro Rosso;13.0;0;0;0.34210526315789475;15.026315789473685;13.710526315789474;20;139.0
765;2010;6;Ferrari;396.0;5;0;10.421052631578947;6.7631578947368425;6.631578947368421;5;3966.0
766;2010;9;Red Bull;498.0;9;1;13.105263157894736;2.3684210526315788;6.026315789473684;6;4734.0
767;2010;10;Force India;68.0;0;0;1.7894736842105263;13.605263157894736;13.342105263157896;17;791.0
768;2010;15;Sauber;44.0;0;0;1.1578947368421053;14.052631578947368;15.078947368421053;24;281.0
769;2010;131;Mercedes;214.0;0;0;5.631578947368421;8.657894736842104;9.157894736842104;11;2260.0
770;2010;164;HRT;0.0;0;0;0.0;22.657894736842106;18.94736842105263;15;0.0
771;2010;166;Virgin;0.0;0;0;0.0;21.13157894736842;19.05263157894737;20;0.0
772;2010;205;Lotus;0.0;0;0;0.0;18.86842105263158;18.13157894736842;25;0.0
773;2011;1;McLaren;497.0;6;0;13.078947368421053;4.026315789473684;5.842105263157895;5;4896.0
774;2011;3;Williams;5.0;0;0;0.13157894736842105;14.710526315789474;15.605263157894736;28;62.0
775;2011;4;Renault;73.0;0;0;1.9210526315789473;11.552631578947368;12.657894736842104;22;830.0
776;2011;5;Toro Rosso;41.0;0;0;1.0789473684210527;14.605263157894736;13.81578947368421;29;384.0
777;2011;6;Ferrari;375.0;1;0;9.868421052631579;5.184210526315789;6.552631578947368;6;3546.0
778;2011;9;Red Bull;650.0;12;1;17.105263157894736;2.526315789473684;3.473684210526316;2;6679.0
779;2011;10;Force India;69.0;0;0;1.8157894736842106;11.631578947368421;11.31578947368421;23;499.0
780;2011;15;Sauber;44.0;0;0;1.1578947368421053;13.631578947368421;13.447368421052632;26;521.0
781;2011;131;Mercedes;165.0;0;0;4.342105263157895;8.921052631578947;10.421052631578947;17;1499.0
782;2011;164;HRT;0.0;0;0;0.0;21.342105263157894;20.105263157894736;12;0.0
783;2011;166;Virgin;0.0;0;0;0.0;21.31578947368421;18.94736842105263;14;0.0
784;2011;205;Lotus;0.0;0;0;0.0;18.68421052631579;17.81578947368421;19;0.0
785;2012;1;McLaren;378.0;7;0;9.45;5.375;9.075;11;3890.0
786;2012;3;Williams;76.0;1;0;1.9;12.55;13.675;17;928.0
787;2012;5;Toro Rosso;26.0;0;0;0.65;15.825;13.325;14;227.0
788;2012;6;Ferrari;400.0;3;0;10.0;7.975;6.825;5;3659.0
789;2012;9;Red Bull;460.0;7;1;11.5;5.45;6.475;6;4785.0
790;2012;10;Force India;109.0;0;0;2.725;11.45;11.075;8;1053.0
791;2012;15;Sauber;126.0;0;0;3.15;11.9;12.55;12;1527.0
792;2012;131;Mercedes;142.0;1;0;3.55;9.525;12.575;12;1834.0
793;2012;164;HRT;0.0;0;0;0.0;21.35;20.475;21;0.0
794;2012;206;Marussia;0.0;0;0;0.0;20.35;18.05;24;0.0
795;2012;207;Caterham;0.0;0;0;0.0;18.7;16.75;31;0.0
796;2012;208;Lotus F1;303.0;1;0;7.575;7.775;9.15;9;3231.0
797;2013;1;McLaren;122.0;0;0;3.210526315789474;10.736842105263158;9.631578947368421;8;1072.0
798;2013;3;Williams;5.0;0;0;0.13157894736842105;15.473684210526315;14.526315789473685;18;18.0
799;2013;5;Toro Rosso;33.0;0;0;0.868421052631579;11.947368421052632;14.0;21;405.0
800;2013;6;Ferrari;354.0;2;0;9.31578947368421;6.973684210526316;6.868421052631579;4;3787.0
801;2013;9;Red Bull;596.0;13;1;15.68421052631579;3.736842105263158;4.815789473684211;5;5538.0
802;2013;10;Force India;77.0;0;0;2.026315789473684;12.789473684210526;12.947368421052632;18;971.0
803;2013;15;Sauber;57.0;0;0;1.5;12.973684210526315;12.710526315789474;15;368.0
804;2013;131;Mercedes;360.0;3;0;9.473684210526315;3.8684210526315788;6.684210526315789;5;3712.0
805;2013;206;Marussia;0.0;0;0;0.0;20.105263157894736;17.894736842105264;17;0.0
806;2013;207;Caterham;0.0;0;0;0.0;19.605263157894736;17.894736842105264;26;0.0
807;2013;208;Lotus F1;315.0;1;0;8.289473684210526;8.289473684210526;8.526315789473685;10;2953.0
808;2014;1;McLaren;181.0;0;0;4.7631578947368425;8.631578947368421;8.947368421052632;13;1757.0
809;2014;3;Williams;320.0;0;0;8.421052631578947;6.842105263157895;7.815789473684211;9;2439.0
810;2014;5;Toro Rosso;30.0;0;0;0.7894736842105263;11.447368421052632;13.289473684210526;22;328.0
811;2014;6;Ferrari;216.0;0;0;5.684210526315789;7.947368421052632;8.473684210526315;9;2314.0
812;2014;9;Red Bull;405.0;3;0;10.657894736842104;7.026315789473684;6.7368421052631575;6;3793.0
813;2014;10;Force India;155.0;0;0;4.078947368421052;11.5;9.973684210526315;14;1680.0
814;2014;15;Sauber;0.0;0;0;0.0;15.18421052631579;16.210526315789473;33;0.0
815;2014;131;Mercedes;701.0;16;1;18.44736842105263;2.9473684210526314;4.2105263157894735;6;6830.0
816;2014;206;Marussia;2.0;0;0;0.06451612903225806;18.677419354838708;16.806451612903224;18;20.0
817;2014;207;Caterham;0.0;0;0;0.0;19.441176470588236;17.823529411764707;21;0.0
818;2014;208;Lotus F1;10.0;0;0;0.2631578947368421;16.31578947368421;15.157894736842104;30;122.0
819;2015;1;McLaren;27.0;0;0;0.7105263157894737;15.842105263157896;14.473684210526315;27;229.0
820;2015;3;Williams;257.0;0;0;6.7631578947368425;6.7368421052631575;8.5;11;2796.0
821;2015;5;Toro Rosso;67.0;0;0;1.763157894736842;11.342105263157896;11.894736842105264;25;613.0
822;2015;6;Ferrari;428.0;3;0;11.263157894736842;6.394736842105263;6.026315789473684;8;4457.0
823;2015;9;Red Bull;187.0;0;0;4.921052631578948;8.894736842105264;9.0;22;1740.0
824;2015;10;Force India;136.0;0;0;3.5789473684210527;10.078947368421053;10.526315789473685;24;1010.0
825;2015;15;Sauber;36.0;0;0;0.9473684210526315;13.947368421052632;12.552631578947368;22;469.0
826;2015;131;Mercedes;703.0;16;1;18.5;1.8157894736842106;3.210526315789474;2;7139.0
827;2015;208;Lotus F1;78.0;0;0;2.0526315789473686;11.052631578947368;12.526315789473685;23;737.0
828;2015;209;Manor Marussia;0.0;0;0;0.0;17.444444444444443;16.11111111111111;7;0.0
829;2016;1;McLaren;76.0;0;0;1.8095238095238095;12.571428571428571;12.714285714285714;29;794.0
830;2016;3;Williams;138.0;0;0;3.2857142857142856;9.071428571428571;10.523809523809524;19;1898.0
831;2016;4;Renault;8.0;0;0;0.19047619047619047;17.19047619047619;15.523809523809524;34;121.0
832;2016;5;Toro Rosso;63.0;0;0;1.5;12.023809523809524;13.166666666666666;27;938.0
833;2016;6;Ferrari;398.0;0;0;9.476190476190476;5.690476190476191;7.404761904761905;8;4566.0
834;2016;9;Red Bull;468.0;2;0;11.142857142857142;4.809523809523809;5.738095238095238;6;4706.0
835;2016;10;Force India;173.0;0;0;4.119047619047619;9.071428571428571;9.952380952380953;16;1665.0
836;2016;15;Sauber;2.0;0;0;0.047619047619047616;18.166666666666668;15.928571428571429;37;4.0
837;2016;131;Mercedes;765.0;19;1;18.214285714285715;2.9761904761904763;3.4761904761904763;3;8085.0
838;2016;209;Manor Marussia;1.0;0;0;0.023809523809523808;19.142857142857142;17.61904761904762;26;13.0
839;2016;210;Haas F1 Team;29.0;0;0;0.6904761904761905;14.0;14.452380952380953;31;522.0
840;2017;1;McLaren;30.0;0;0;0.75;13.85;13.85;32;207.0
841;2017;3;Williams;83.0;0;0;2.075;12.425;11.5;26;845.0
842;2017;4;Renault;57.0;0;0;1.425;11.75;13.25;29;698.0
843;2017;5;Toro Rosso;53.0;0;0;1.325;13.525;13.1;33;493.0
844;2017;6;Ferrari;522.0;5;0;13.05;3.45;5.475;6;5749.0
845;2017;9;Red Bull;368.0;3;0;9.2;6.55;8.65;14;3674.0
846;2017;10;Force India;187.0;0;0;4.675;9.175;8.35;19;1924.0
847;2017;15;Sauber;5.0;0;0;0.125;16.675;15.1;25;77.0
848;2017;131;Mercedes;668.0;12;1;16.7;3.475;3.175;2;6928.0
849;2017;210;Haas F1 Team;47.0;0;0;1.175;13.7;12.55;27;537.0
850;2018;1;McLaren;62.0;0;0;1.4761904761904763;14.404761904761905;12.761904761904763;28;972.0
851;2018;3;Williams;7.0;0;0;0.16666666666666666;16.333333333333332;14.904761904761905;21;96.0
852;2018;4;Renault;122.0;0;0;2.9047619047619047;10.642857142857142;11.071428571428571;23;1479.0
853;2018;5;Toro Rosso;33.0;0;0;0.7857142857142857;14.047619047619047;13.880952380952381;30;474.0
854;2018;6;Ferrari;571.0;6;0;13.595238095238095;3.3095238095238093;4.928571428571429;5;6377.0
855;2018;9;Red Bull;419.0;4;0;9.976190476190476;7.619047619047619;7.642857142857143;12;4338.0
856;2018;10;Force India;52.0;0;0;2.642857142857143;10.69047619047619;11.19047619047619;21;1212.0
857;2018;15;Sauber;48.0;0;0;1.1428571428571428;13.833333333333334;12.785714285714286;25;396.0
858;2018;131;Mercedes;655.0;11;1;15.595238095238095;3.4285714285714284;3.857142857142857;4;6903.0
859;2018;210;Haas F1 Team;93.0;0;0;2.2142857142857144;10.214285714285714;11.976190476190476;25;1084.0
860;2019;1;McLaren;145.0;0;0;3.4523809523809526;9.80952380952381;10.69047619047619;24;1403.0
861;2019;3;Williams;1.0;0;0;0.023809523809523808;16.357142857142858;16.404761904761905;16;11.0
862;2019;4;Renault;91.0;0;0;2.1666666666666665;10.523809523809524;11.976190476190476;27;920.0
863;2019;5;Toro Rosso;85.0;0;0;2.0238095238095237;12.380952380952381;11.5;23;1182.0
864;2019;6;Ferrari;504.0;3;0;12.0;4.261904761904762;6.0;9;5735.0
865;2019;9;Red Bull;417.0;3;0;9.928571428571429;5.809523809523809;6.261904761904762;9;3976.0
866;2019;51;Alfa Romeo;57.0;0;0;1.3571428571428572;12.166666666666666;12.738095238095237;28;558.0
867;2019;131;Mercedes;739.0;15;1;17.595238095238095;3.0238095238095237;3.238095238095238;3;8631.0
868;2019;210;Haas F1 Team;28.0;0;0;0.6666666666666666;11.261904761904763;14.404761904761905;27;425.0
869;2019;211;Racing Point;73.0;0;0;1.7380952380952381;13.761904761904763;11.785714285714286;27;712.0
870;2020;1;McLaren;202.0;0;0;5.9411764705882355;8.558823529411764;8.617647058823529;12;1730.0
871;2020;3;Williams;0.0;0;0;0.0;16.058823529411764;15.735294117647058;19;3.0
872;2020;4;Renault;181.0;0;0;5.323529411764706;8.823529411764707;8.941176470588236;13;1442.0
873;2020;6;Ferrari;131.0;0;0;3.8529411764705883;10.264705882352942;10.705882352941176;15;1285.0
874;2020;9;Red Bull;319.0;2;0;9.382352941176471;5.205882352941177;7.705882352941177;9;2867.0
875;2020;51;Alfa Romeo;8.0;0;0;0.23529411764705882;16.558823529411764;13.852941176470589;22;74.0
876;2020;131;Mercedes;573.0;13;1;16.852941176470587;2.088235294117647;3.735294117647059;2;5141.0
877;2020;210;Haas F1 Team;3.0;0;0;0.08823529411764706;15.205882352941176;15.794117647058824;22;25.0
878;2020;211;Racing Point;195.0;1;0;6.176470588235294;8.294117647058824;9.205882352941176;12;1641.0
879;2020;213;AlphaTauri;107.0;1;0;3.1470588235294117;11.235294117647058;10.705882352941176;15;871.0
880;2021;1;McLaren;275.0;1;0;6.2272727272727275;8.272727272727273;7.795454545454546;16;3641.0
881;2021;3;Williams;23.0;0;0;0.5227272727272727;14.113636363636363;14.727272727272727;29;256.0
882;2021;6;Ferrari;323.5;0;0;7.329545454545454;7.181818181818182;7.113636363636363;9;3687.5
883;2021;9;Red Bull;585.5;11;0;13.147727272727273;3.6363636363636362;5.840909090909091;8;6786.5
884;2021;51;Alfa Romeo;13.0;0;0;0.29545454545454547;13.25;13.204545454545455;32;99.0
885;2021;117;Aston Martin;77.0;0;0;1.75;12.136363636363637;12.0;25;1010.0
886;2021;131;Mercedes;613.5;9;1;13.738636363636363;4.340909090909091;5.409090909090909;5;6915.5
887;2021;210;Haas F1 Team;0.0;0;0;0.0;18.022727272727273;17.386363636363637;17;0.0
888;2021;213;AlphaTauri;142.0;0;0;3.227272727272727;8.931818181818182;11.272727272727273;24;1444.0
889;2021;214;Alpine F1 Team;155.0;1;0;3.522727272727273;10.590909090909092;10.25;24;1517.0
890;2022;1;McLaren;159.0;0;0;3.409090909090909;9.727272727272727;10.636363636363637;12;1852.0
891;2022;3;Williams;8.0;0;0;0.18181818181818182;16.386363636363637;14.954545454545455;24;73.0
892;2022;6;Ferrari;554.0;4;0;11.795454545454545;4.318181818181818;6.681818181818182;9;6584.0
893;2022;9;Red Bull;759.0;17;1;16.454545454545453;4.113636363636363;4.454545454545454;5;8439.0
894;2022;51;Alfa Romeo;55.0;0;0;1.2045454545454546;11.909090909090908;13.204545454545455;22;936.0
895;2022;117;Aston Martin;55.0;0;0;1.25;13.613636363636363;11.886363636363637;16;489.0
896;2022;131;Mercedes;515.0;1;0;11.25;5.9772727272727275;5.5227272727272725;4;5596.0
897;2022;210;Haas F1 Team;37.0;0;0;0.75;13.045454545454545;14.272727272727273;25;562.0
898;2022;213;AlphaTauri;35.0;0;0;0.7954545454545454;11.5;13.522727272727273;22;549.0
899;2022;214;Alpine F1 Team;173.0;0;0;3.8636363636363638;10.068181818181818;9.863636363636363;15;1887.0
900;2023;1;McLaren;302.0;0;0;6.045454545454546;8.795454545454545;9.454545454545455;10;2491.0
901;2023;3;Williams;28.0;0;0;0.5909090909090909;13.931818181818182;14.113636363636363;19;293.0
902;2023;6;Ferrari;406.0;1;0;8.25;5.318181818181818;7.863636363636363;8;4289.0
903;2023;9;Red Bull;860.0;21;1;17.954545454545453;5.318181818181818;3.5681818181818183;2;10158.0
904;2023;51;Alfa Romeo;16.0;0;0;0.36363636363636365;13.886363636363637;14.0;20;220.0
905;2023;117;Aston Martin;280.0;0;0;6.045454545454546;8.068181818181818;8.909090909090908;8;3845.0
906;2023;131;Mercedes;409.0;0;0;8.5;6.2727272727272725;7.136363636363637;6;4917.0
907;2023;210;Haas F1 Team;12.0;0;0;0.20454545454545456;11.113636363636363;15.068181818181818;26;209.0
908;2023;213;AlphaTauri;25.0;0;0;0.5;13.977272727272727;13.613636363636363;19;124.0
909;2023;214;Alpine F1 Team;120.0;0;0;2.5;10.772727272727273;11.272727272727273;12;1307.0
;;;;;;;;;;;
;;;;;;;;;;;
;;;;;;;;;;;
